period_start,period_end,namespace,persistentvolumeclaim_usage_bytes
2020-02-05 23:00:00 +0000 UTC,2020-02-06 00:00:00 +0000 UTC,openshift-logging,7260508061696.000000
2020-02-05 23:00:00 +0000 UTC,2020-02-06 00:00:00 +0000 UTC,openshift-metering,1672921088.000000
2020-02-06 00:00:00 +0000 UTC,2020-02-06 01:00:00 +0000 UTC,openshift-logging,7296483028992.000000
2020-02-06 00:00:00 +0000 UTC,2020-02-06 01:00:00 +0000 UTC,openshift-metering,1730863104.000000
2020-02-06 01:00:00 +0000 UTC,2020-02-06 02:00:00 +0000 UTC,openshift-logging,7373094805504.000000
2020-02-06 01:00:00 +0000 UTC,2020-02-06 02:00:00 +0000 UTC,openshift-metering,1738883072.000000
2020-02-06 02:00:00 +0000 UTC,2020-02-06 03:00:00 +0000 UTC,openshift-logging,7436046270464.000000
2020-02-06 02:00:00 +0000 UTC,2020-02-06 03:00:00 +0000 UTC,openshift-metering,1740095488.000000
2020-02-06 03:00:00 +0000 UTC,2020-02-06 04:00:00 +0000 UTC,openshift-logging,7500706955264.000000
2020-02-06 03:00:00 +0000 UTC,2020-02-06 04:00:00 +0000 UTC,openshift-metering,1741209600.000000
2020-02-06 04:00:00 +0000 UTC,2020-02-06 05:00:00 +0000 UTC,openshift-logging,7567980527616.000000
2020-02-06 04:00:00 +0000 UTC,2020-02-06 05:00:00 +0000 UTC,openshift-metering,1781211136.000000
2020-02-06 05:00:00 +0000 UTC,2020-02-06 06:00:00 +0000 UTC,openshift-logging,7636200341504.000000
2020-02-06 05:00:00 +0000 UTC,2020-02-06 06:00:00 +0000 UTC,openshift-metering,1804369920.000000
2020-02-06 06:00:00 +0000 UTC,2020-02-06 07:00:00 +0000 UTC,openshift-logging,7713446068224.000000
2020-02-06 06:00:00 +0000 UTC,2020-02-06 07:00:00 +0000 UTC,openshift-metering,1804369920.000000
2020-02-06 07:00:00 +0000 UTC,2020-02-06 08:00:00 +0000 UTC,openshift-logging,7770969079808.000000
2020-02-06 07:00:00 +0000 UTC,2020-02-06 08:00:00 +0000 UTC,openshift-metering,1804369920.000000
2020-02-06 08:00:00 +0000 UTC,2020-02-06 09:00:00 +0000 UTC,openshift-logging,7834669236224.000000
2020-02-06 08:00:00 +0000 UTC,2020-02-06 09:00:00 +0000 UTC,openshift-metering,1829634048.000000
2020-02-06 09:00:00 +0000 UTC,2020-02-06 10:00:00 +0000 UTC,openshift-logging,7879459045376.000000
2020-02-06 09:00:00 +0000 UTC,2020-02-06 10:00:00 +0000 UTC,openshift-metering,1867530240.000000
2020-02-06 10:00:00 +0000 UTC,2020-02-06 11:00:00 +0000 UTC,openshift-logging,8059402715136.000000
2020-02-06 10:00:00 +0000 UTC,2020-02-06 11:00:00 +0000 UTC,openshift-metering,1867530240.000000
2020-02-06 11:00:00 +0000 UTC,2020-02-06 12:00:00 +0000 UTC,openshift-logging,8061807583232.000000
2020-02-06 11:00:00 +0000 UTC,2020-02-06 12:00:00 +0000 UTC,openshift-metering,1867530240.000000
2020-02-06 12:00:00 +0000 UTC,2020-02-06 13:00:00 +0000 UTC,openshift-logging,8143032614912.000000
2020-02-06 12:00:00 +0000 UTC,2020-02-06 13:00:00 +0000 UTC,openshift-metering,1880162304.000000
2020-02-06 13:00:00 +0000 UTC,2020-02-06 14:00:00 +0000 UTC,openshift-logging,8186174603264.000000
2020-02-06 13:00:00 +0000 UTC,2020-02-06 14:00:00 +0000 UTC,openshift-metering,1930690560.000000
2020-02-06 14:00:00 +0000 UTC,2020-02-06 15:00:00 +0000 UTC,openshift-logging,8235409477632.000000
2020-02-06 14:00:00 +0000 UTC,2020-02-06 15:00:00 +0000 UTC,openshift-metering,1930690560.000000
2020-02-06 15:00:00 +0000 UTC,2020-02-06 16:00:00 +0000 UTC,openshift-logging,8261768933376.000000
2020-02-06 15:00:00 +0000 UTC,2020-02-06 16:00:00 +0000 UTC,openshift-metering,1930690560.000000
2020-02-06 16:00:00 +0000 UTC,2020-02-06 17:00:00 +0000 UTC,openshift-logging,8297051217920.000000
2020-02-06 16:00:00 +0000 UTC,2020-02-06 17:00:00 +0000 UTC,openshift-metering,1930690560.000000
2020-02-06 17:00:00 +0000 UTC,2020-02-06 18:00:00 +0000 UTC,openshift-logging,8343781863424.000000
2020-02-06 17:00:00 +0000 UTC,2020-02-06 18:00:00 +0000 UTC,openshift-metering,1993850880.000000
2020-02-06 18:00:00 +0000 UTC,2020-02-06 19:00:00 +0000 UTC,openshift-logging,8432929144832.000000
2020-02-06 18:00:00 +0000 UTC,2020-02-06 19:00:00 +0000 UTC,openshift-metering,1993850880.000000
2020-02-06 19:00:00 +0000 UTC,2020-02-06 20:00:00 +0000 UTC,openshift-logging,8494411186176.000000
2020-02-06 19:00:00 +0000 UTC,2020-02-06 20:00:00 +0000 UTC,openshift-metering,1993850880.000000
2020-02-06 20:00:00 +0000 UTC,2020-02-06 21:00:00 +0000 UTC,openshift-logging,8542053634048.000000
2020-02-06 20:00:00 +0000 UTC,2020-02-06 21:00:00 +0000 UTC,openshift-metering,1993850880.000000
2020-02-06 21:00:00 +0000 UTC,2020-02-06 22:00:00 +0000 UTC,openshift-logging,8619990159360.000000
2020-02-06 21:00:00 +0000 UTC,2020-02-06 22:00:00 +0000 UTC,openshift-metering,2041221120.000000
2020-02-06 22:00:00 +0000 UTC,2020-02-06 23:00:00 +0000 UTC,openshift-logging,8686622060544.000000
2020-02-06 22:00:00 +0000 UTC,2020-02-06 23:00:00 +0000 UTC,openshift-metering,2057011200.000000
2020-02-06 23:00:00 +0000 UTC,2020-02-07 00:00:00 +0000 UTC,openshift-logging,8769895620608.000000
2020-02-06 23:00:00 +0000 UTC,2020-02-07 00:00:00 +0000 UTC,openshift-metering,2057011200.000000
2020-02-07 00:00:00 +0000 UTC,2020-02-07 01:00:00 +0000 UTC,openshift-logging,8779804237824.000000
2020-02-07 00:00:00 +0000 UTC,2020-02-07 01:00:00 +0000 UTC,openshift-metering,2059583488.000000
2020-02-07 01:00:00 +0000 UTC,2020-02-07 02:00:00 +0000 UTC,openshift-logging,8851469496320.000000
2020-02-07 01:00:00 +0000 UTC,2020-02-07 02:00:00 +0000 UTC,openshift-metering,2116276224.000000
2020-02-07 02:00:00 +0000 UTC,2020-02-07 03:00:00 +0000 UTC,openshift-logging,8915247325184.000000
2020-02-07 02:00:00 +0000 UTC,2020-02-07 03:00:00 +0000 UTC,openshift-metering,2125086720.000000
2020-02-07 03:00:00 +0000 UTC,2020-02-07 04:00:00 +0000 UTC,openshift-logging,8984844660736.000000
2020-02-07 03:00:00 +0000 UTC,2020-02-07 04:00:00 +0000 UTC,openshift-metering,2125086720.000000
2020-02-07 04:00:00 +0000 UTC,2020-02-07 05:00:00 +0000 UTC,openshift-logging,9048811577344.000000
2020-02-07 04:00:00 +0000 UTC,2020-02-07 05:00:00 +0000 UTC,openshift-metering,2125086720.000000
2020-02-07 05:00:00 +0000 UTC,2020-02-07 06:00:00 +0000 UTC,openshift-logging,9106576658432.000000
2020-02-07 05:00:00 +0000 UTC,2020-02-07 06:00:00 +0000 UTC,openshift-metering,1769455616.000000
2020-02-07 06:00:00 +0000 UTC,2020-02-07 07:00:00 +0000 UTC,openshift-logging,9179623641088.000000
2020-02-07 06:00:00 +0000 UTC,2020-02-07 07:00:00 +0000 UTC,openshift-metering,1620049920.000000
2020-02-07 07:00:00 +0000 UTC,2020-02-07 08:00:00 +0000 UTC,openshift-logging,9245403176960.000000
2020-02-07 07:00:00 +0000 UTC,2020-02-07 08:00:00 +0000 UTC,openshift-metering,1620049920.000000
2020-02-07 08:00:00 +0000 UTC,2020-02-07 09:00:00 +0000 UTC,openshift-logging,9306746421248.000000
2020-02-07 08:00:00 +0000 UTC,2020-02-07 09:00:00 +0000 UTC,openshift-metering,1620049920.000000
2020-02-07 09:00:00 +0000 UTC,2020-02-07 10:00:00 +0000 UTC,openshift-logging,9441608388608.000000
2020-02-07 09:00:00 +0000 UTC,2020-02-07 10:00:00 +0000 UTC,openshift-metering,1647419392.000000
2020-02-07 10:00:00 +0000 UTC,2020-02-07 11:00:00 +0000 UTC,openshift-logging,9545896202240.000000
2020-02-07 10:00:00 +0000 UTC,2020-02-07 11:00:00 +0000 UTC,openshift-metering,1683210240.000000
2020-02-07 11:00:00 +0000 UTC,2020-02-07 12:00:00 +0000 UTC,openshift-logging,9533000769536.000000
2020-02-07 11:00:00 +0000 UTC,2020-02-07 12:00:00 +0000 UTC,openshift-metering,1683210240.000000
2020-02-07 12:00:00 +0000 UTC,2020-02-07 13:00:00 +0000 UTC,openshift-logging,9569987792896.000000
2020-02-07 12:00:00 +0000 UTC,2020-02-07 13:00:00 +0000 UTC,openshift-metering,1683210240.000000
2020-02-07 13:00:00 +0000 UTC,2020-02-07 14:00:00 +0000 UTC,openshift-logging,9644365791232.000000
2020-02-07 13:00:00 +0000 UTC,2020-02-07 14:00:00 +0000 UTC,openshift-metering,1701105664.000000
2020-02-07 14:00:00 +0000 UTC,2020-02-07 15:00:00 +0000 UTC,openshift-logging,9696088236032.000000
2020-02-07 14:00:00 +0000 UTC,2020-02-07 15:00:00 +0000 UTC,openshift-metering,1746370560.000000
2020-02-07 15:00:00 +0000 UTC,2020-02-07 16:00:00 +0000 UTC,openshift-logging,9853399965696.000000
2020-02-07 15:00:00 +0000 UTC,2020-02-07 16:00:00 +0000 UTC,openshift-metering,1746370560.000000
2020-02-07 16:00:00 +0000 UTC,2020-02-07 17:00:00 +0000 UTC,openshift-logging,9845881729024.000000
2020-02-07 16:00:00 +0000 UTC,2020-02-07 17:00:00 +0000 UTC,openshift-metering,1746370560.000000
2020-02-07 17:00:00 +0000 UTC,2020-02-07 18:00:00 +0000 UTC,openshift-logging,9902064263168.000000
2020-02-07 17:00:00 +0000 UTC,2020-02-07 18:00:00 +0000 UTC,openshift-metering,1754791936.000000
2020-02-07 18:00:00 +0000 UTC,2020-02-07 19:00:00 +0000 UTC,openshift-logging,9945001943040.000000
2020-02-07 18:00:00 +0000 UTC,2020-02-07 19:00:00 +0000 UTC,openshift-metering,1809530880.000000
2020-02-07 19:00:00 +0000 UTC,2020-02-07 20:00:00 +0000 UTC,openshift-logging,10042639069184.000000
2020-02-07 19:00:00 +0000 UTC,2020-02-07 20:00:00 +0000 UTC,openshift-metering,1809530880.000000
2020-02-07 20:00:00 +0000 UTC,2020-02-07 21:00:00 +0000 UTC,openshift-logging,10086733209600.000000
2020-02-07 20:00:00 +0000 UTC,2020-02-07 21:00:00 +0000 UTC,openshift-metering,1809530880.000000
2020-02-07 21:00:00 +0000 UTC,2020-02-07 22:00:00 +0000 UTC,openshift-logging,10157561901056.000000
2020-02-07 21:00:00 +0000 UTC,2020-02-07 22:00:00 +0000 UTC,openshift-metering,1809530880.000000
2020-02-07 22:00:00 +0000 UTC,2020-02-07 23:00:00 +0000 UTC,openshift-logging,10218263703552.000000
2020-02-07 22:00:00 +0000 UTC,2020-02-07 23:00:00 +0000 UTC,openshift-metering,1872691200.000000
2020-02-07 22:00:00 +0000 UTC,2020-02-07 23:00:00 +0000 UTC,tnhlex-dev,18480009216.000000
2020-02-07 23:00:00 +0000 UTC,2020-02-08 00:00:00 +0000 UTC,openshift-logging,10392494469120.000000
2020-02-07 23:00:00 +0000 UTC,2020-02-08 00:00:00 +0000 UTC,openshift-metering,1872691200.000000
2020-02-07 23:00:00 +0000 UTC,2020-02-08 00:00:00 +0000 UTC,tnhlex-dev,20171833344.000000
2020-02-08 00:00:00 +0000 UTC,2020-02-08 01:00:00 +0000 UTC,openshift-logging,10356689584128.000000
2020-02-08 00:00:00 +0000 UTC,2020-02-08 01:00:00 +0000 UTC,openshift-metering,1877917696.000000
2020-02-08 00:00:00 +0000 UTC,2020-02-08 01:00:00 +0000 UTC,tnhlex-dev,20183392256.000000
2020-02-08 01:00:00 +0000 UTC,2020-02-08 02:00:00 +0000 UTC,openshift-logging,10389214707712.000000
2020-02-08 01:00:00 +0000 UTC,2020-02-08 02:00:00 +0000 UTC,openshift-metering,1894625280.000000
2020-02-08 01:00:00 +0000 UTC,2020-02-08 02:00:00 +0000 UTC,tnhlex-dev,20194979840.000000
2020-02-08 02:00:00 +0000 UTC,2020-02-08 03:00:00 +0000 UTC,openshift-logging,10441416130560.000000
2020-02-08 02:00:00 +0000 UTC,2020-02-08 03:00:00 +0000 UTC,openshift-metering,1942224896.000000
2020-02-08 02:00:00 +0000 UTC,2020-02-08 03:00:00 +0000 UTC,tnhlex-dev,20206567424.000000
2020-02-08 03:00:00 +0000 UTC,2020-02-08 04:00:00 +0000 UTC,openshift-logging,10532324007936.000000
2020-02-08 03:00:00 +0000 UTC,2020-02-08 04:00:00 +0000 UTC,openshift-metering,1943961600.000000
2020-02-08 03:00:00 +0000 UTC,2020-02-08 04:00:00 +0000 UTC,tnhlex-dev,20218155008.000000
2020-02-08 04:00:00 +0000 UTC,2020-02-08 05:00:00 +0000 UTC,openshift-logging,10569261223936.000000
2020-02-08 04:00:00 +0000 UTC,2020-02-08 05:00:00 +0000 UTC,openshift-metering,1943961600.000000
2020-02-08 04:00:00 +0000 UTC,2020-02-08 05:00:00 +0000 UTC,tnhlex-dev,20229738496.000000
2020-02-08 05:00:00 +0000 UTC,2020-02-08 06:00:00 +0000 UTC,openshift-logging,10641794797568.000000
2020-02-08 05:00:00 +0000 UTC,2020-02-08 06:00:00 +0000 UTC,openshift-metering,1943961600.000000
2020-02-08 05:00:00 +0000 UTC,2020-02-08 06:00:00 +0000 UTC,tnhlex-dev,20241260544.000000
2020-02-08 06:00:00 +0000 UTC,2020-02-08 07:00:00 +0000 UTC,openshift-logging,10709231980544.000000
2020-02-08 06:00:00 +0000 UTC,2020-02-08 07:00:00 +0000 UTC,openshift-metering,1977778176.000000
2020-02-08 06:00:00 +0000 UTC,2020-02-08 07:00:00 +0000 UTC,tnhlex-dev,20252839936.000000
2020-02-08 07:00:00 +0000 UTC,2020-02-08 08:00:00 +0000 UTC,openshift-logging,10772752801792.000000
2020-02-08 07:00:00 +0000 UTC,2020-02-08 08:00:00 +0000 UTC,openshift-metering,2007367680.000000
2020-02-08 07:00:00 +0000 UTC,2020-02-08 08:00:00 +0000 UTC,tnhlex-dev,20264517632.000000
2020-02-08 08:00:00 +0000 UTC,2020-02-08 09:00:00 +0000 UTC,openshift-logging,10831893954560.000000
2020-02-08 08:00:00 +0000 UTC,2020-02-08 09:00:00 +0000 UTC,openshift-metering,2007367680.000000
2020-02-08 08:00:00 +0000 UTC,2020-02-08 09:00:00 +0000 UTC,tnhlex-dev,20276015104.000000
2020-02-08 09:00:00 +0000 UTC,2020-02-08 10:00:00 +0000 UTC,openshift-logging,10884318654464.000000
2020-02-08 09:00:00 +0000 UTC,2020-02-08 10:00:00 +0000 UTC,openshift-metering,2007367680.000000
2020-02-08 09:00:00 +0000 UTC,2020-02-08 10:00:00 +0000 UTC,tnhlex-dev,20287713280.000000
2020-02-08 10:00:00 +0000 UTC,2020-02-08 11:00:00 +0000 UTC,openshift-logging,10963952066560.000000
2020-02-08 10:00:00 +0000 UTC,2020-02-08 11:00:00 +0000 UTC,openshift-metering,2007367680.000000
2020-02-08 10:00:00 +0000 UTC,2020-02-08 11:00:00 +0000 UTC,tnhlex-dev,20299366400.000000
2020-02-08 11:00:00 +0000 UTC,2020-02-08 12:00:00 +0000 UTC,openshift-logging,11116892925952.000000
2020-02-08 11:00:00 +0000 UTC,2020-02-08 12:00:00 +0000 UTC,openshift-metering,2053685248.000000
2020-02-08 11:00:00 +0000 UTC,2020-02-08 12:00:00 +0000 UTC,tnhlex-dev,20310929408.000000
2020-02-08 12:00:00 +0000 UTC,2020-02-08 13:00:00 +0000 UTC,openshift-logging,11139969597440.000000
2020-02-08 12:00:00 +0000 UTC,2020-02-08 13:00:00 +0000 UTC,openshift-metering,2070528000.000000
2020-02-08 12:00:00 +0000 UTC,2020-02-08 13:00:00 +0000 UTC,tnhlex-dev,20322623488.000000
2020-02-08 13:00:00 +0000 UTC,2020-02-08 14:00:00 +0000 UTC,openshift-logging,11175122374656.000000
2020-02-08 13:00:00 +0000 UTC,2020-02-08 14:00:00 +0000 UTC,openshift-metering,2070528000.000000
2020-02-08 13:00:00 +0000 UTC,2020-02-08 14:00:00 +0000 UTC,tnhlex-dev,20334153728.000000
2020-02-08 14:00:00 +0000 UTC,2020-02-08 15:00:00 +0000 UTC,openshift-logging,11281427132416.000000
2020-02-08 14:00:00 +0000 UTC,2020-02-08 15:00:00 +0000 UTC,openshift-metering,2070528000.000000
2020-02-08 14:00:00 +0000 UTC,2020-02-08 15:00:00 +0000 UTC,tnhlex-dev,20345733120.000000
2020-02-08 15:00:00 +0000 UTC,2020-02-08 16:00:00 +0000 UTC,openshift-logging,11290186833920.000000
2020-02-08 15:00:00 +0000 UTC,2020-02-08 16:00:00 +0000 UTC,openshift-metering,2073686016.000000
2020-02-08 15:00:00 +0000 UTC,2020-02-08 16:00:00 +0000 UTC,tnhlex-dev,20357320704.000000
2020-02-08 16:00:00 +0000 UTC,2020-02-08 17:00:00 +0000 UTC,openshift-logging,11316705599488.000000
2020-02-08 16:00:00 +0000 UTC,2020-02-08 17:00:00 +0000 UTC,openshift-metering,2133688320.000000
2020-02-08 16:00:00 +0000 UTC,2020-02-08 17:00:00 +0000 UTC,tnhlex-dev,20368838656.000000
2020-02-08 17:00:00 +0000 UTC,2020-02-08 18:00:00 +0000 UTC,openshift-logging,11400856842240.000000
2020-02-08 17:00:00 +0000 UTC,2020-02-08 18:00:00 +0000 UTC,openshift-metering,2133688320.000000
2020-02-08 17:00:00 +0000 UTC,2020-02-08 18:00:00 +0000 UTC,tnhlex-dev,20380340224.000000
2020-02-08 18:00:00 +0000 UTC,2020-02-08 19:00:00 +0000 UTC,openshift-logging,11439640252416.000000
2020-02-08 18:00:00 +0000 UTC,2020-02-08 19:00:00 +0000 UTC,openshift-metering,2133688320.000000
2020-02-08 18:00:00 +0000 UTC,2020-02-08 19:00:00 +0000 UTC,tnhlex-dev,20391911424.000000
2020-02-08 19:00:00 +0000 UTC,2020-02-08 20:00:00 +0000 UTC,openshift-logging,11541896126464.000000
2020-02-08 19:00:00 +0000 UTC,2020-02-08 20:00:00 +0000 UTC,openshift-metering,2133688320.000000
2020-02-08 19:00:00 +0000 UTC,2020-02-08 20:00:00 +0000 UTC,tnhlex-dev,20403372032.000000
2020-02-08 20:00:00 +0000 UTC,2020-02-08 21:00:00 +0000 UTC,openshift-logging,11560457166848.000000
2020-02-08 20:00:00 +0000 UTC,2020-02-08 21:00:00 +0000 UTC,openshift-metering,2155794432.000000
2020-02-08 20:00:00 +0000 UTC,2020-02-08 21:00:00 +0000 UTC,tnhlex-dev,20414799872.000000
2020-02-08 21:00:00 +0000 UTC,2020-02-08 22:00:00 +0000 UTC,openshift-logging,11641297543168.000000
2020-02-08 21:00:00 +0000 UTC,2020-02-08 22:00:00 +0000 UTC,openshift-metering,2196848640.000000
2020-02-08 21:00:00 +0000 UTC,2020-02-08 22:00:00 +0000 UTC,tnhlex-dev,13172674560.000000
2020-02-08 22:00:00 +0000 UTC,2020-02-08 23:00:00 +0000 UTC,openshift-logging,11686124101632.000000
2020-02-08 22:00:00 +0000 UTC,2020-02-08 23:00:00 +0000 UTC,openshift-metering,2196848640.000000
2020-02-08 22:00:00 +0000 UTC,2020-02-08 23:00:00 +0000 UTC,tnhlex-dev,20166250496.000000
2020-02-08 23:00:00 +0000 UTC,2020-02-09 00:00:00 +0000 UTC,openshift-logging,11775331946496.000000
2020-02-08 23:00:00 +0000 UTC,2020-02-09 00:00:00 +0000 UTC,openshift-metering,2196848640.000000
2020-02-08 23:00:00 +0000 UTC,2020-02-09 00:00:00 +0000 UTC,tnhlex-dev,20177731584.000000
2020-02-09 00:00:00 +0000 UTC,2020-02-09 01:00:00 +0000 UTC,openshift-logging,11818293673984.000000
2020-02-09 00:00:00 +0000 UTC,2020-02-09 01:00:00 +0000 UTC,openshift-metering,2196848640.000000
2020-02-09 00:00:00 +0000 UTC,2020-02-09 01:00:00 +0000 UTC,tnhlex-dev,20189188096.000000
2020-02-09 01:00:00 +0000 UTC,2020-02-09 02:00:00 +0000 UTC,openshift-logging,11859395846144.000000
2020-02-09 01:00:00 +0000 UTC,2020-02-09 02:00:00 +0000 UTC,openshift-metering,1632374784.000000
2020-02-09 01:00:00 +0000 UTC,2020-02-09 02:00:00 +0000 UTC,tnhlex-dev,20200542208.000000
2020-02-09 02:00:00 +0000 UTC,2020-02-09 03:00:00 +0000 UTC,openshift-logging,11939340644352.000000
2020-02-09 02:00:00 +0000 UTC,2020-02-09 03:00:00 +0000 UTC,openshift-metering,1628160000.000000
2020-02-09 02:00:00 +0000 UTC,2020-02-09 03:00:00 +0000 UTC,tnhlex-dev,20211978240.000000
2020-02-09 03:00:00 +0000 UTC,2020-02-09 04:00:00 +0000 UTC,openshift-logging,11988162150400.000000
2020-02-09 03:00:00 +0000 UTC,2020-02-09 04:00:00 +0000 UTC,openshift-metering,1629634560.000000
2020-02-09 03:00:00 +0000 UTC,2020-02-09 04:00:00 +0000 UTC,tnhlex-dev,20223430656.000000
2020-02-09 04:00:00 +0000 UTC,2020-02-09 05:00:00 +0000 UTC,openshift-logging,12043967574016.000000
2020-02-09 04:00:00 +0000 UTC,2020-02-09 05:00:00 +0000 UTC,openshift-metering,1630126080.000000
2020-02-09 04:00:00 +0000 UTC,2020-02-09 05:00:00 +0000 UTC,tnhlex-dev,20234821632.000000
2020-02-09 05:00:00 +0000 UTC,2020-02-09 06:00:00 +0000 UTC,openshift-logging,12128619507712.000000
2020-02-09 05:00:00 +0000 UTC,2020-02-09 06:00:00 +0000 UTC,openshift-metering,1630126080.000000
2020-02-09 05:00:00 +0000 UTC,2020-02-09 06:00:00 +0000 UTC,tnhlex-dev,20246274048.000000
2020-02-09 06:00:00 +0000 UTC,2020-02-09 07:00:00 +0000 UTC,openshift-logging,12170120470528.000000
2020-02-09 06:00:00 +0000 UTC,2020-02-09 07:00:00 +0000 UTC,openshift-metering,1663811584.000000
2020-02-09 06:00:00 +0000 UTC,2020-02-09 07:00:00 +0000 UTC,tnhlex-dev,20257714176.000000
2020-02-09 07:00:00 +0000 UTC,2020-02-09 08:00:00 +0000 UTC,openshift-logging,12242951573504.000000
2020-02-09 07:00:00 +0000 UTC,2020-02-09 08:00:00 +0000 UTC,openshift-metering,1693286400.000000
2020-02-09 07:00:00 +0000 UTC,2020-02-09 08:00:00 +0000 UTC,tnhlex-dev,20269187072.000000
2020-02-09 08:00:00 +0000 UTC,2020-02-09 09:00:00 +0000 UTC,openshift-logging,12303887294464.000000
2020-02-09 08:00:00 +0000 UTC,2020-02-09 09:00:00 +0000 UTC,openshift-metering,1693286400.000000
2020-02-09 08:00:00 +0000 UTC,2020-02-09 09:00:00 +0000 UTC,tnhlex-dev,20280676352.000000
2020-02-09 09:00:00 +0000 UTC,2020-02-09 10:00:00 +0000 UTC,openshift-logging,12401016971264.000000
2020-02-09 09:00:00 +0000 UTC,2020-02-09 10:00:00 +0000 UTC,openshift-metering,1693286400.000000
2020-02-09 09:00:00 +0000 UTC,2020-02-09 10:00:00 +0000 UTC,tnhlex-dev,20292177920.000000
2020-02-09 10:00:00 +0000 UTC,2020-02-09 11:00:00 +0000 UTC,openshift-logging,12454654418944.000000
2020-02-09 10:00:00 +0000 UTC,2020-02-09 11:00:00 +0000 UTC,openshift-metering,1693286400.000000
2020-02-09 10:00:00 +0000 UTC,2020-02-09 11:00:00 +0000 UTC,tnhlex-dev,20303552512.000000
2020-02-09 11:00:00 +0000 UTC,2020-02-09 12:00:00 +0000 UTC,openshift-logging,12565707796480.000000
2020-02-09 11:00:00 +0000 UTC,2020-02-09 12:00:00 +0000 UTC,openshift-metering,1705918464.000000
2020-02-09 11:00:00 +0000 UTC,2020-02-09 12:00:00 +0000 UTC,tnhlex-dev,20315041792.000000
2020-02-09 12:00:00 +0000 UTC,2020-02-09 13:00:00 +0000 UTC,openshift-logging,12675078250496.000000
2020-02-09 12:00:00 +0000 UTC,2020-02-09 13:00:00 +0000 UTC,openshift-metering,1756446720.000000
2020-02-09 12:00:00 +0000 UTC,2020-02-09 13:00:00 +0000 UTC,tnhlex-dev,20326617088.000000
2020-02-09 13:00:00 +0000 UTC,2020-02-09 14:00:00 +0000 UTC,openshift-logging,12642141630464.000000
2020-02-09 13:00:00 +0000 UTC,2020-02-09 14:00:00 +0000 UTC,openshift-metering,1756446720.000000
2020-02-09 13:00:00 +0000 UTC,2020-02-09 14:00:00 +0000 UTC,tnhlex-dev,20338040832.000000
2020-02-09 14:00:00 +0000 UTC,2020-02-09 15:00:00 +0000 UTC,openshift-logging,12675744518144.000000
2020-02-09 14:00:00 +0000 UTC,2020-02-09 15:00:00 +0000 UTC,openshift-metering,1756446720.000000
2020-02-09 14:00:00 +0000 UTC,2020-02-09 15:00:00 +0000 UTC,tnhlex-dev,20010180608.000000
2020-02-09 15:00:00 +0000 UTC,2020-02-09 16:00:00 +0000 UTC,openshift-logging,12818311020544.000000
2020-02-09 15:00:00 +0000 UTC,2020-02-09 16:00:00 +0000 UTC,openshift-metering,1756446720.000000
2020-02-09 15:00:00 +0000 UTC,2020-02-09 16:00:00 +0000 UTC,tnhlex-dev,20360962048.000000
2020-02-09 16:00:00 +0000 UTC,2020-02-09 17:00:00 +0000 UTC,openshift-logging,12841436426240.000000
2020-02-09 16:00:00 +0000 UTC,2020-02-09 17:00:00 +0000 UTC,openshift-metering,1756446720.000000
2020-02-09 16:00:00 +0000 UTC,2020-02-09 17:00:00 +0000 UTC,tnhlex-dev,20372357120.000000
2020-02-09 17:00:00 +0000 UTC,2020-02-09 18:00:00 +0000 UTC,openshift-logging,12838429188096.000000
2020-02-09 17:00:00 +0000 UTC,2020-02-09 18:00:00 +0000 UTC,openshift-metering,1801711616.000000
2020-02-09 17:00:00 +0000 UTC,2020-02-09 18:00:00 +0000 UTC,tnhlex-dev,20383817728.000000
2020-02-09 18:00:00 +0000 UTC,2020-02-09 19:00:00 +0000 UTC,openshift-logging,12939305160704.000000
2020-02-09 18:00:00 +0000 UTC,2020-02-09 19:00:00 +0000 UTC,openshift-metering,1819607040.000000
2020-02-09 18:00:00 +0000 UTC,2020-02-09 19:00:00 +0000 UTC,tnhlex-dev,20395266048.000000
2020-02-09 19:00:00 +0000 UTC,2020-02-09 20:00:00 +0000 UTC,openshift-logging,12992863244288.000000
2020-02-09 19:00:00 +0000 UTC,2020-02-09 20:00:00 +0000 UTC,openshift-metering,1819607040.000000
2020-02-09 19:00:00 +0000 UTC,2020-02-09 20:00:00 +0000 UTC,tnhlex-dev,20406689792.000000
2020-02-09 20:00:00 +0000 UTC,2020-02-09 21:00:00 +0000 UTC,openshift-logging,13051423879168.000000
2020-02-09 20:00:00 +0000 UTC,2020-02-09 21:00:00 +0000 UTC,openshift-metering,1819607040.000000
2020-02-09 20:00:00 +0000 UTC,2020-02-09 21:00:00 +0000 UTC,tnhlex-dev,20418068480.000000
2020-02-09 21:00:00 +0000 UTC,2020-02-09 22:00:00 +0000 UTC,openshift-logging,13109621501952.000000
2020-02-09 21:00:00 +0000 UTC,2020-02-09 22:00:00 +0000 UTC,openshift-metering,1819607040.000000
2020-02-09 21:00:00 +0000 UTC,2020-02-09 22:00:00 +0000 UTC,tnhlex-dev,20429484032.000000
2020-02-09 22:00:00 +0000 UTC,2020-02-09 23:00:00 +0000 UTC,openshift-logging,13197131243520.000000
2020-02-09 22:00:00 +0000 UTC,2020-02-09 23:00:00 +0000 UTC,openshift-metering,1846976512.000000
2020-02-09 22:00:00 +0000 UTC,2020-02-09 23:00:00 +0000 UTC,tnhlex-dev,20440911872.000000
2020-02-09 23:00:00 +0000 UTC,2020-02-10 00:00:00 +0000 UTC,openshift-logging,13280902946816.000000
2020-02-09 23:00:00 +0000 UTC,2020-02-10 00:00:00 +0000 UTC,openshift-metering,1882767360.000000
2020-02-09 23:00:00 +0000 UTC,2020-02-10 00:00:00 +0000 UTC,tnhlex-dev,20452241408.000000
2020-02-10 00:00:00 +0000 UTC,2020-02-10 01:00:00 +0000 UTC,openshift-logging,13264277258240.000000
2020-02-10 00:00:00 +0000 UTC,2020-02-10 01:00:00 +0000 UTC,openshift-metering,1883643904.000000
2020-02-10 00:00:00 +0000 UTC,2020-02-10 01:00:00 +0000 UTC,tnhlex-dev,20463579136.000000
2020-02-10 01:00:00 +0000 UTC,2020-02-10 02:00:00 +0000 UTC,openshift-logging,13329683091456.000000
2020-02-10 01:00:00 +0000 UTC,2020-02-10 02:00:00 +0000 UTC,openshift-metering,1883873280.000000
2020-02-10 01:00:00 +0000 UTC,2020-02-10 02:00:00 +0000 UTC,tnhlex-dev,20475043840.000000
2020-02-10 02:00:00 +0000 UTC,2020-02-10 03:00:00 +0000 UTC,openshift-logging,13393455198208.000000
2020-02-10 02:00:00 +0000 UTC,2020-02-10 03:00:00 +0000 UTC,openshift-metering,1883996160.000000
2020-02-10 02:00:00 +0000 UTC,2020-02-10 03:00:00 +0000 UTC,tnhlex-dev,20486496256.000000
2020-02-10 03:00:00 +0000 UTC,2020-02-10 04:00:00 +0000 UTC,openshift-logging,13458005762048.000000
2020-02-10 03:00:00 +0000 UTC,2020-02-10 04:00:00 +0000 UTC,openshift-metering,1950535680.000000
2020-02-10 03:00:00 +0000 UTC,2020-02-10 04:00:00 +0000 UTC,tnhlex-dev,20497956864.000000
2020-02-10 04:00:00 +0000 UTC,2020-02-10 05:00:00 +0000 UTC,openshift-logging,13538285056000.000000
2020-02-10 04:00:00 +0000 UTC,2020-02-10 05:00:00 +0000 UTC,openshift-metering,1962885120.000000
2020-02-10 04:00:00 +0000 UTC,2020-02-10 05:00:00 +0000 UTC,tnhlex-dev,20509286400.000000
2020-02-10 05:00:00 +0000 UTC,2020-02-10 06:00:00 +0000 UTC,openshift-logging,13584414580736.000000
2020-02-10 05:00:00 +0000 UTC,2020-02-10 06:00:00 +0000 UTC,openshift-metering,1962885120.000000
2020-02-10 05:00:00 +0000 UTC,2020-02-10 06:00:00 +0000 UTC,tnhlex-dev,20520681472.000000
2020-02-10 06:00:00 +0000 UTC,2020-02-10 07:00:00 +0000 UTC,openshift-logging,13645991731200.000000
2020-02-10 06:00:00 +0000 UTC,2020-02-10 07:00:00 +0000 UTC,openshift-metering,1962885120.000000
2020-02-10 06:00:00 +0000 UTC,2020-02-10 07:00:00 +0000 UTC,tnhlex-dev,20532158464.000000
2020-02-10 07:00:00 +0000 UTC,2020-02-10 08:00:00 +0000 UTC,openshift-logging,13726973325312.000000
2020-02-10 07:00:00 +0000 UTC,2020-02-10 08:00:00 +0000 UTC,openshift-metering,1962885120.000000
2020-02-10 07:00:00 +0000 UTC,2020-02-10 08:00:00 +0000 UTC,tnhlex-dev,20543459328.000000
2020-02-10 08:00:00 +0000 UTC,2020-02-10 09:00:00 +0000 UTC,openshift-logging,13772484939776.000000
2020-02-10 08:00:00 +0000 UTC,2020-02-10 09:00:00 +0000 UTC,openshift-metering,2017624064.000000
2020-02-10 08:00:00 +0000 UTC,2020-02-10 09:00:00 +0000 UTC,tnhlex-dev,20554776576.000000
2020-02-10 09:00:00 +0000 UTC,2020-02-10 10:00:00 +0000 UTC,openshift-logging,13837213761536.000000
2020-02-10 09:00:00 +0000 UTC,2020-02-10 10:00:00 +0000 UTC,openshift-metering,2026045440.000000
2020-02-10 09:00:00 +0000 UTC,2020-02-10 10:00:00 +0000 UTC,tnhlex-dev,20566155264.000000
2020-02-10 10:00:00 +0000 UTC,2020-02-10 11:00:00 +0000 UTC,openshift-logging,13897310474240.000000
2020-02-10 10:00:00 +0000 UTC,2020-02-10 11:00:00 +0000 UTC,openshift-metering,2026045440.000000
2020-02-10 10:00:00 +0000 UTC,2020-02-10 11:00:00 +0000 UTC,tnhlex-dev,20577439744.000000
2020-02-10 11:00:00 +0000 UTC,2020-02-10 12:00:00 +0000 UTC,openshift-logging,13974651428864.000000
2020-02-10 11:00:00 +0000 UTC,2020-02-10 12:00:00 +0000 UTC,openshift-metering,2026045440.000000
2020-02-10 11:00:00 +0000 UTC,2020-02-10 12:00:00 +0000 UTC,tnhlex-dev,20588740608.000000
2020-02-10 12:00:00 +0000 UTC,2020-02-10 13:00:00 +0000 UTC,openshift-logging,14059713794048.000000
2020-02-10 12:00:00 +0000 UTC,2020-02-10 13:00:00 +0000 UTC,openshift-metering,2026045440.000000
2020-02-10 12:00:00 +0000 UTC,2020-02-10 13:00:00 +0000 UTC,tnhlex-dev,20600094720.000000
2020-02-10 13:00:00 +0000 UTC,2020-02-10 14:00:00 +0000 UTC,openshift-logging,14104397197312.000000
2020-02-10 13:00:00 +0000 UTC,2020-02-10 14:00:00 +0000 UTC,openshift-metering,2079731712.000000
2020-02-10 13:00:00 +0000 UTC,2020-02-10 14:00:00 +0000 UTC,tnhlex-dev,20611305472.000000
2020-02-10 14:00:00 +0000 UTC,2020-02-10 15:00:00 +0000 UTC,openshift-logging,14193488216064.000000
2020-02-10 14:00:00 +0000 UTC,2020-02-10 15:00:00 +0000 UTC,openshift-metering,2089205760.000000
2020-02-10 14:00:00 +0000 UTC,2020-02-10 15:00:00 +0000 UTC,tnhlex-dev,20622721024.000000
2020-02-10 15:00:00 +0000 UTC,2020-02-10 16:00:00 +0000 UTC,openshift-logging,14237704253440.000000
2020-02-10 15:00:00 +0000 UTC,2020-02-10 16:00:00 +0000 UTC,openshift-metering,2089205760.000000
2020-02-10 15:00:00 +0000 UTC,2020-02-10 16:00:00 +0000 UTC,tnhlex-dev,20634107904.000000
2020-02-10 16:00:00 +0000 UTC,2020-02-10 17:00:00 +0000 UTC,openshift-logging,14332705280000.000000
2020-02-10 16:00:00 +0000 UTC,2020-02-10 17:00:00 +0000 UTC,openshift-metering,2089205760.000000
2020-02-10 16:00:00 +0000 UTC,2020-02-10 17:00:00 +0000 UTC,tnhlex-dev,20645457920.000000
2020-02-10 17:00:00 +0000 UTC,2020-02-10 18:00:00 +0000 UTC,openshift-logging,14351445323776.000000
2020-02-10 17:00:00 +0000 UTC,2020-02-10 18:00:00 +0000 UTC,openshift-metering,2089205760.000000
2020-02-10 17:00:00 +0000 UTC,2020-02-10 18:00:00 +0000 UTC,tnhlex-dev,20656939008.000000
2020-02-10 18:00:00 +0000 UTC,2020-02-10 19:00:00 +0000 UTC,openshift-logging,14397059346432.000000
2020-02-10 18:00:00 +0000 UTC,2020-02-10 19:00:00 +0000 UTC,openshift-metering,2139734016.000000
2020-02-10 18:00:00 +0000 UTC,2020-02-10 19:00:00 +0000 UTC,tnhlex-dev,20668452864.000000
2020-02-10 19:00:00 +0000 UTC,2020-02-10 20:00:00 +0000 UTC,openshift-logging,14457683079168.000000
2020-02-10 19:00:00 +0000 UTC,2020-02-10 20:00:00 +0000 UTC,openshift-metering,2152366080.000000
2020-02-10 19:00:00 +0000 UTC,2020-02-10 20:00:00 +0000 UTC,tnhlex-dev,19645591552.000000
2020-02-10 20:00:00 +0000 UTC,2020-02-10 21:00:00 +0000 UTC,openshift-logging,14521075064832.000000
2020-02-10 20:00:00 +0000 UTC,2020-02-10 21:00:00 +0000 UTC,openshift-metering,2152366080.000000
2020-02-10 20:00:00 +0000 UTC,2020-02-10 21:00:00 +0000 UTC,tnhlex-dev,14111727616.000000
2020-02-10 21:00:00 +0000 UTC,2020-02-10 22:00:00 +0000 UTC,openshift-logging,14595312926720.000000
2020-02-10 21:00:00 +0000 UTC,2020-02-10 22:00:00 +0000 UTC,openshift-metering,2152366080.000000
2020-02-10 21:00:00 +0000 UTC,2020-02-10 22:00:00 +0000 UTC,tnhlex-dev,8403603456.000000
2020-02-10 22:00:00 +0000 UTC,2020-02-10 23:00:00 +0000 UTC,openshift-logging,14643215192064.000000
2020-02-10 22:00:00 +0000 UTC,2020-02-10 23:00:00 +0000 UTC,openshift-metering,2152366080.000000
2020-02-10 23:00:00 +0000 UTC,2020-02-11 00:00:00 +0000 UTC,openshift-logging,14704043368448.000000
2020-02-10 23:00:00 +0000 UTC,2020-02-11 00:00:00 +0000 UTC,openshift-metering,2203947008.000000
2020-02-10 23:00:00 +0000 UTC,2020-02-11 00:00:00 +0000 UTC,tnhlex-dev,5038739456.000000
2020-02-11 00:00:00 +0000 UTC,2020-02-11 01:00:00 +0000 UTC,openshift-logging,14735993757696.000000
2020-02-11 00:00:00 +0000 UTC,2020-02-11 01:00:00 +0000 UTC,openshift-metering,2219147264.000000
2020-02-11 01:00:00 +0000 UTC,2020-02-11 02:00:00 +0000 UTC,openshift-logging,14798555246592.000000
2020-02-11 01:00:00 +0000 UTC,2020-02-11 02:00:00 +0000 UTC,openshift-metering,2219704320.000000
2020-02-11 01:00:00 +0000 UTC,2020-02-11 02:00:00 +0000 UTC,tnhlex-dev,3358601216.000000
2020-02-11 02:00:00 +0000 UTC,2020-02-11 03:00:00 +0000 UTC,openshift-logging,14865668444160.000000
2020-02-11 02:00:00 +0000 UTC,2020-02-11 03:00:00 +0000 UTC,openshift-metering,2219704320.000000
2020-02-11 02:00:00 +0000 UTC,2020-02-11 03:00:00 +0000 UTC,tnhlex-dev,9742516224.000000
2020-02-11 03:00:00 +0000 UTC,2020-02-11 04:00:00 +0000 UTC,openshift-logging,14946848104448.000000
2020-02-11 03:00:00 +0000 UTC,2020-02-11 04:00:00 +0000 UTC,openshift-metering,2021801984.000000
2020-02-11 03:00:00 +0000 UTC,2020-02-11 04:00:00 +0000 UTC,tnhlex-dev,19199250432.000000
2020-02-11 04:00:00 +0000 UTC,2020-02-11 05:00:00 +0000 UTC,openshift-logging,14992991121408.000000
2020-02-11 04:00:00 +0000 UTC,2020-02-11 05:00:00 +0000 UTC,openshift-metering,1651261440.000000
2020-02-11 04:00:00 +0000 UTC,2020-02-11 05:00:00 +0000 UTC,tnhlex-dev,18144317440.000000
2020-02-11 05:00:00 +0000 UTC,2020-02-11 06:00:00 +0000 UTC,openshift-logging,15046171250688.000000
2020-02-11 05:00:00 +0000 UTC,2020-02-11 06:00:00 +0000 UTC,openshift-metering,1651261440.000000
2020-02-11 05:00:00 +0000 UTC,2020-02-11 06:00:00 +0000 UTC,tnhlex-dev,20171685888.000000
2020-02-11 06:00:00 +0000 UTC,2020-02-11 07:00:00 +0000 UTC,openshift-logging,15109585502208.000000
2020-02-11 06:00:00 +0000 UTC,2020-02-11 07:00:00 +0000 UTC,openshift-metering,1651261440.000000
2020-02-11 06:00:00 +0000 UTC,2020-02-11 07:00:00 +0000 UTC,tnhlex-dev,20183085056.000000
2020-02-11 07:00:00 +0000 UTC,2020-02-11 08:00:00 +0000 UTC,openshift-logging,15188454641664.000000
2020-02-11 07:00:00 +0000 UTC,2020-02-11 08:00:00 +0000 UTC,openshift-metering,1651261440.000000
2020-02-11 07:00:00 +0000 UTC,2020-02-11 08:00:00 +0000 UTC,tnhlex-dev,20194471936.000000
2020-02-11 08:00:00 +0000 UTC,2020-02-11 09:00:00 +0000 UTC,openshift-logging,15228518400000.000000
2020-02-11 08:00:00 +0000 UTC,2020-02-11 09:00:00 +0000 UTC,openshift-metering,1659682816.000000
2020-02-11 08:00:00 +0000 UTC,2020-02-11 09:00:00 +0000 UTC,tnhlex-dev,20205850624.000000
2020-02-11 09:00:00 +0000 UTC,2020-02-11 10:00:00 +0000 UTC,openshift-logging,15249633705984.000000
2020-02-11 09:00:00 +0000 UTC,2020-02-11 10:00:00 +0000 UTC,openshift-metering,1714421760.000000
2020-02-11 09:00:00 +0000 UTC,2020-02-11 10:00:00 +0000 UTC,tnhlex-dev,20217229312.000000
2020-02-11 10:00:00 +0000 UTC,2020-02-11 11:00:00 +0000 UTC,openshift-logging,15279074627584.000000
2020-02-11 10:00:00 +0000 UTC,2020-02-11 11:00:00 +0000 UTC,openshift-metering,1714421760.000000
2020-02-11 10:00:00 +0000 UTC,2020-02-11 11:00:00 +0000 UTC,tnhlex-dev,20228612096.000000
2020-02-11 11:00:00 +0000 UTC,2020-02-11 12:00:00 +0000 UTC,openshift-logging,15341232238592.000000
2020-02-11 11:00:00 +0000 UTC,2020-02-11 12:00:00 +0000 UTC,openshift-metering,1714421760.000000
2020-02-11 11:00:00 +0000 UTC,2020-02-11 12:00:00 +0000 UTC,tnhlex-dev,20239994880.000000
2020-02-11 12:00:00 +0000 UTC,2020-02-11 13:00:00 +0000 UTC,openshift-logging,15471945048064.000000
2020-02-11 12:00:00 +0000 UTC,2020-02-11 13:00:00 +0000 UTC,openshift-metering,1714421760.000000
2020-02-11 12:00:00 +0000 UTC,2020-02-11 13:00:00 +0000 UTC,tnhlex-dev,20251447296.000000
2020-02-11 13:00:00 +0000 UTC,2020-02-11 14:00:00 +0000 UTC,openshift-logging,15511992733696.000000
2020-02-11 13:00:00 +0000 UTC,2020-02-11 14:00:00 +0000 UTC,openshift-metering,1720737792.000000
2020-02-11 13:00:00 +0000 UTC,2020-02-11 14:00:00 +0000 UTC,tnhlex-dev,20262793216.000000
2020-02-11 14:00:00 +0000 UTC,2020-02-11 15:00:00 +0000 UTC,openshift-logging,15573541404672.000000
2020-02-11 14:00:00 +0000 UTC,2020-02-11 15:00:00 +0000 UTC,openshift-metering,1777582080.000000
2020-02-11 14:00:00 +0000 UTC,2020-02-11 15:00:00 +0000 UTC,tnhlex-dev,20274278400.000000
2020-02-11 15:00:00 +0000 UTC,2020-02-11 16:00:00 +0000 UTC,openshift-logging,15635796738048.000000
2020-02-11 15:00:00 +0000 UTC,2020-02-11 16:00:00 +0000 UTC,openshift-metering,1777582080.000000
2020-02-11 15:00:00 +0000 UTC,2020-02-11 16:00:00 +0000 UTC,tnhlex-dev,20285685760.000000
2020-02-11 16:00:00 +0000 UTC,2020-02-11 17:00:00 +0000 UTC,openshift-logging,15650904162304.000000
2020-02-11 16:00:00 +0000 UTC,2020-02-11 17:00:00 +0000 UTC,openshift-metering,1777582080.000000
2020-02-11 16:00:00 +0000 UTC,2020-02-11 17:00:00 +0000 UTC,tnhlex-dev,22470098944.000000
2020-02-11 17:00:00 +0000 UTC,2020-02-11 18:00:00 +0000 UTC,openshift-logging,15714442297344.000000
2020-02-11 17:00:00 +0000 UTC,2020-02-11 18:00:00 +0000 UTC,openshift-metering,1777582080.000000
2020-02-11 17:00:00 +0000 UTC,2020-02-11 18:00:00 +0000 UTC,tnhlex-dev,18604036096.000000
2020-02-11 18:00:00 +0000 UTC,2020-02-11 19:00:00 +0000 UTC,openshift-logging,15821530775552.000000
2020-02-11 18:00:00 +0000 UTC,2020-02-11 19:00:00 +0000 UTC,openshift-metering,1784950784.000000
2020-02-11 19:00:00 +0000 UTC,2020-02-11 20:00:00 +0000 UTC,openshift-logging,15825688928256.000000
2020-02-11 19:00:00 +0000 UTC,2020-02-11 20:00:00 +0000 UTC,openshift-metering,1840742400.000000
2020-02-11 19:00:00 +0000 UTC,2020-02-11 20:00:00 +0000 UTC,tnhlex-dev,19397419008.000000
2020-02-11 20:00:00 +0000 UTC,2020-02-11 21:00:00 +0000 UTC,openshift-logging,15897953464320.000000
2020-02-11 20:00:00 +0000 UTC,2020-02-11 21:00:00 +0000 UTC,openshift-metering,1840742400.000000
2020-02-11 20:00:00 +0000 UTC,2020-02-11 21:00:00 +0000 UTC,tnhlex-dev,12806950912.000000
2020-02-11 21:00:00 +0000 UTC,2020-02-11 22:00:00 +0000 UTC,openshift-logging,15979322523648.000000
2020-02-11 21:00:00 +0000 UTC,2020-02-11 22:00:00 +0000 UTC,openshift-metering,1840742400.000000
2020-02-11 21:00:00 +0000 UTC,2020-02-11 22:00:00 +0000 UTC,tnhlex-dev,23424987136.000000
2020-02-11 22:00:00 +0000 UTC,2020-02-11 23:00:00 +0000 UTC,openshift-logging,16033672593408.000000
2020-02-11 22:00:00 +0000 UTC,2020-02-11 23:00:00 +0000 UTC,openshift-metering,1840742400.000000
2020-02-11 22:00:00 +0000 UTC,2020-02-11 23:00:00 +0000 UTC,tnhlex-dev,24222244864.000000
2020-02-11 23:00:00 +0000 UTC,2020-02-12 00:00:00 +0000 UTC,openshift-logging,16090206748672.000000
2020-02-11 23:00:00 +0000 UTC,2020-02-12 00:00:00 +0000 UTC,openshift-metering,1847058432.000000
2020-02-11 23:00:00 +0000 UTC,2020-02-12 00:00:00 +0000 UTC,tnhlex-dev,24233848832.000000
2020-02-12 00:00:00 +0000 UTC,2020-02-12 01:00:00 +0000 UTC,openshift-logging,16113683554304.000000
2020-02-12 00:00:00 +0000 UTC,2020-02-12 01:00:00 +0000 UTC,openshift-metering,1909415936.000000
2020-02-12 00:00:00 +0000 UTC,2020-02-12 01:00:00 +0000 UTC,tnhlex-dev,24245620736.000000
2020-02-12 01:00:00 +0000 UTC,2020-02-12 02:00:00 +0000 UTC,openshift-logging,16177786204160.000000
2020-02-12 01:00:00 +0000 UTC,2020-02-12 02:00:00 +0000 UTC,openshift-metering,1910292480.000000
2020-02-12 01:00:00 +0000 UTC,2020-02-12 02:00:00 +0000 UTC,tnhlex-dev,24257196032.000000
2020-02-12 02:00:00 +0000 UTC,2020-02-12 03:00:00 +0000 UTC,openshift-logging,16244586405888.000000
2020-02-12 02:00:00 +0000 UTC,2020-02-12 03:00:00 +0000 UTC,openshift-metering,1910292480.000000
2020-02-12 02:00:00 +0000 UTC,2020-02-12 03:00:00 +0000 UTC,tnhlex-dev,24268914688.000000
2020-02-12 03:00:00 +0000 UTC,2020-02-12 04:00:00 +0000 UTC,openshift-logging,16325611732992.000000
2020-02-12 03:00:00 +0000 UTC,2020-02-12 04:00:00 +0000 UTC,openshift-metering,1910292480.000000
2020-02-12 03:00:00 +0000 UTC,2020-02-12 04:00:00 +0000 UTC,tnhlex-dev,24280526848.000000
2020-02-12 04:00:00 +0000 UTC,2020-02-12 05:00:00 +0000 UTC,openshift-logging,16384486256640.000000
2020-02-12 04:00:00 +0000 UTC,2020-02-12 05:00:00 +0000 UTC,openshift-metering,1910292480.000000
2020-02-12 04:00:00 +0000 UTC,2020-02-12 05:00:00 +0000 UTC,tnhlex-dev,24292134912.000000
2020-02-12 05:00:00 +0000 UTC,2020-02-12 06:00:00 +0000 UTC,openshift-logging,16444783988736.000000
2020-02-12 05:00:00 +0000 UTC,2020-02-12 06:00:00 +0000 UTC,openshift-metering,1910292480.000000
2020-02-12 05:00:00 +0000 UTC,2020-02-12 06:00:00 +0000 UTC,tnhlex-dev,24303697920.000000
2020-02-12 06:00:00 +0000 UTC,2020-02-12 07:00:00 +0000 UTC,openshift-logging,16506116321280.000000
2020-02-12 06:00:00 +0000 UTC,2020-02-12 07:00:00 +0000 UTC,openshift-metering,1968189440.000000
2020-02-12 06:00:00 +0000 UTC,2020-02-12 07:00:00 +0000 UTC,tnhlex-dev,24315412480.000000
2020-02-12 07:00:00 +0000 UTC,2020-02-12 08:00:00 +0000 UTC,openshift-logging,16567813332992.000000
2020-02-12 07:00:00 +0000 UTC,2020-02-12 08:00:00 +0000 UTC,openshift-metering,1973452800.000000
2020-02-12 07:00:00 +0000 UTC,2020-02-12 08:00:00 +0000 UTC,tnhlex-dev,24327028736.000000
2020-02-12 08:00:00 +0000 UTC,2020-02-12 09:00:00 +0000 UTC,openshift-logging,16617103495168.000000
2020-02-12 08:00:00 +0000 UTC,2020-02-12 09:00:00 +0000 UTC,openshift-metering,1973452800.000000
2020-02-12 08:00:00 +0000 UTC,2020-02-12 09:00:00 +0000 UTC,tnhlex-dev,24338747392.000000
2020-02-12 09:00:00 +0000 UTC,2020-02-12 10:00:00 +0000 UTC,openshift-logging,16683026370560.000000
2020-02-12 09:00:00 +0000 UTC,2020-02-12 10:00:00 +0000 UTC,openshift-metering,1973452800.000000
2020-02-12 09:00:00 +0000 UTC,2020-02-12 10:00:00 +0000 UTC,tnhlex-dev,24350523392.000000
2020-02-12 10:00:00 +0000 UTC,2020-02-12 11:00:00 +0000 UTC,openshift-logging,16801537568768.000000
2020-02-12 10:00:00 +0000 UTC,2020-02-12 11:00:00 +0000 UTC,openshift-metering,1973452800.000000
2020-02-12 10:00:00 +0000 UTC,2020-02-12 11:00:00 +0000 UTC,tnhlex-dev,24362110976.000000
2020-02-12 11:00:00 +0000 UTC,2020-02-12 12:00:00 +0000 UTC,openshift-logging,16883383422976.000000
2020-02-12 11:00:00 +0000 UTC,2020-02-12 12:00:00 +0000 UTC,openshift-metering,1973452800.000000
2020-02-12 11:00:00 +0000 UTC,2020-02-12 12:00:00 +0000 UTC,tnhlex-dev,24373899264.000000
2020-02-12 12:00:00 +0000 UTC,2020-02-12 13:00:00 +0000 UTC,openshift-logging,16954749861888.000000
2020-02-12 12:00:00 +0000 UTC,2020-02-12 13:00:00 +0000 UTC,openshift-metering,1973452800.000000
2020-02-12 12:00:00 +0000 UTC,2020-02-12 13:00:00 +0000 UTC,tnhlex-dev,24385667072.000000
2020-02-12 13:00:00 +0000 UTC,2020-02-12 14:00:00 +0000 UTC,openshift-logging,17020436287488.000000
2020-02-12 13:00:00 +0000 UTC,2020-02-12 14:00:00 +0000 UTC,openshift-metering,2014507008.000000
2020-02-12 13:00:00 +0000 UTC,2020-02-12 14:00:00 +0000 UTC,tnhlex-dev,24397426688.000000
2020-02-12 14:00:00 +0000 UTC,2020-02-12 15:00:00 +0000 UTC,openshift-logging,17008309813248.000000
2020-02-12 14:00:00 +0000 UTC,2020-02-12 15:00:00 +0000 UTC,openshift-metering,2036613120.000000
2020-02-12 14:00:00 +0000 UTC,2020-02-12 15:00:00 +0000 UTC,tnhlex-dev,24409010176.000000
2020-02-12 15:00:00 +0000 UTC,2020-02-12 16:00:00 +0000 UTC,openshift-logging,17052415893504.000000
2020-02-12 15:00:00 +0000 UTC,2020-02-12 16:00:00 +0000 UTC,openshift-metering,2036613120.000000
2020-02-12 15:00:00 +0000 UTC,2020-02-12 16:00:00 +0000 UTC,tnhlex-dev,24420581376.000000
2020-02-12 16:00:00 +0000 UTC,2020-02-12 17:00:00 +0000 UTC,openshift-logging,17116150312960.000000
2020-02-12 16:00:00 +0000 UTC,2020-02-12 17:00:00 +0000 UTC,openshift-metering,2036613120.000000
2020-02-12 16:00:00 +0000 UTC,2020-02-12 17:00:00 +0000 UTC,tnhlex-dev,24432218112.000000
2020-02-12 17:00:00 +0000 UTC,2020-02-12 18:00:00 +0000 UTC,openshift-logging,17183445598208.000000
2020-02-12 17:00:00 +0000 UTC,2020-02-12 18:00:00 +0000 UTC,openshift-metering,2036613120.000000
2020-02-12 17:00:00 +0000 UTC,2020-02-12 18:00:00 +0000 UTC,tnhlex-dev,24443928576.000000
2020-02-12 18:00:00 +0000 UTC,2020-02-12 19:00:00 +0000 UTC,openshift-logging,17243267112960.000000
2020-02-12 18:00:00 +0000 UTC,2020-02-12 19:00:00 +0000 UTC,openshift-metering,2036613120.000000
2020-02-12 18:00:00 +0000 UTC,2020-02-12 19:00:00 +0000 UTC,tnhlex-dev,24455757824.000000
2020-02-12 19:00:00 +0000 UTC,2020-02-12 20:00:00 +0000 UTC,openshift-logging,17311554035712.000000
2020-02-12 19:00:00 +0000 UTC,2020-02-12 20:00:00 +0000 UTC,openshift-metering,2036613120.000000
2020-02-12 19:00:00 +0000 UTC,2020-02-12 20:00:00 +0000 UTC,tnhlex-dev,24467341312.000000
2020-02-12 20:00:00 +0000 UTC,2020-02-12 21:00:00 +0000 UTC,openshift-logging,17359249903616.000000
2020-02-12 20:00:00 +0000 UTC,2020-02-12 21:00:00 +0000 UTC,openshift-metering,2063982592.000000
2020-02-12 20:00:00 +0000 UTC,2020-02-12 21:00:00 +0000 UTC,tnhlex-dev,24479088640.000000
2020-02-12 21:00:00 +0000 UTC,2020-02-12 22:00:00 +0000 UTC,openshift-logging,17427633094656.000000
2020-02-12 21:00:00 +0000 UTC,2020-02-12 22:00:00 +0000 UTC,openshift-metering,2099773440.000000
2020-02-12 21:00:00 +0000 UTC,2020-02-12 22:00:00 +0000 UTC,tnhlex-dev,24490651648.000000
2020-02-12 22:00:00 +0000 UTC,2020-02-12 23:00:00 +0000 UTC,openshift-logging,17479197003776.000000
2020-02-12 22:00:00 +0000 UTC,2020-02-12 23:00:00 +0000 UTC,openshift-metering,2099773440.000000
2020-02-12 22:00:00 +0000 UTC,2020-02-12 23:00:00 +0000 UTC,tnhlex-dev,24118984704.000000
2020-02-12 23:00:00 +0000 UTC,2020-02-13 00:00:00 +0000 UTC,openshift-logging,17551112646656.000000
2020-02-12 23:00:00 +0000 UTC,2020-02-13 00:00:00 +0000 UTC,openshift-metering,2099773440.000000
2020-02-12 23:00:00 +0000 UTC,2020-02-13 00:00:00 +0000 UTC,tnhlex-dev,19657494528.000000
2020-02-13 00:00:00 +0000 UTC,2020-02-13 01:00:00 +0000 UTC,openshift-logging,17570413297664.000000
2020-02-13 00:00:00 +0000 UTC,2020-02-13 01:00:00 +0000 UTC,openshift-metering,2102403072.000000
2020-02-13 00:00:00 +0000 UTC,2020-02-13 01:00:00 +0000 UTC,tnhlex-dev,22945906688.000000
2020-02-13 01:00:00 +0000 UTC,2020-02-13 02:00:00 +0000 UTC,openshift-logging,17639063818240.000000
2020-02-13 01:00:00 +0000 UTC,2020-02-13 02:00:00 +0000 UTC,openshift-metering,2102968320.000000
2020-02-13 01:00:00 +0000 UTC,2020-02-13 02:00:00 +0000 UTC,tnhlex-dev,16834940928.000000
2020-02-13 02:00:00 +0000 UTC,2020-02-13 03:00:00 +0000 UTC,openshift-logging,17516495470592.000000
2020-02-13 02:00:00 +0000 UTC,2020-02-13 03:00:00 +0000 UTC,openshift-metering,2146127872.000000
2020-02-13 02:00:00 +0000 UTC,2020-02-13 03:00:00 +0000 UTC,tnhlex-dev,18686251008.000000
2020-02-13 03:00:00 +0000 UTC,2020-02-13 04:00:00 +0000 UTC,openshift-logging,17759447633920.000000
2020-02-13 03:00:00 +0000 UTC,2020-02-13 04:00:00 +0000 UTC,openshift-metering,2166128640.000000
2020-02-13 03:00:00 +0000 UTC,2020-02-13 04:00:00 +0000 UTC,tnhlex-dev,16060129280.000000
2020-02-13 04:00:00 +0000 UTC,2020-02-13 05:00:00 +0000 UTC,openshift-logging,17818913681408.000000
2020-02-13 04:00:00 +0000 UTC,2020-02-13 05:00:00 +0000 UTC,openshift-metering,2166128640.000000
2020-02-13 04:00:00 +0000 UTC,2020-02-13 05:00:00 +0000 UTC,tnhlex-dev,24212000768.000000
2020-02-13 05:00:00 +0000 UTC,2020-02-13 06:00:00 +0000 UTC,openshift-logging,17875898793984.000000
2020-02-13 05:00:00 +0000 UTC,2020-02-13 06:00:00 +0000 UTC,openshift-metering,2166128640.000000
2020-02-13 05:00:00 +0000 UTC,2020-02-13 06:00:00 +0000 UTC,tnhlex-dev,24228712448.000000
2020-02-13 06:00:00 +0000 UTC,2020-02-13 07:00:00 +0000 UTC,openshift-logging,17944333279232.000000
2020-02-13 06:00:00 +0000 UTC,2020-02-13 07:00:00 +0000 UTC,openshift-metering,2166128640.000000
2020-02-13 06:00:00 +0000 UTC,2020-02-13 07:00:00 +0000 UTC,tnhlex-dev,24243924992.000000
2020-02-13 07:00:00 +0000 UTC,2020-02-13 08:00:00 +0000 UTC,openshift-logging,18063188758528.000000
2020-02-13 07:00:00 +0000 UTC,2020-02-13 08:00:00 +0000 UTC,openshift-metering,2174582784.000000
2020-02-13 07:00:00 +0000 UTC,2020-02-13 08:00:00 +0000 UTC,tnhlex-dev,24259133440.000000
2020-02-13 08:00:00 +0000 UTC,2020-02-13 09:00:00 +0000 UTC,openshift-logging,18075170734080.000000
2020-02-13 08:00:00 +0000 UTC,2020-02-13 09:00:00 +0000 UTC,openshift-metering,2229534720.000000
2020-02-13 08:00:00 +0000 UTC,2020-02-13 09:00:00 +0000 UTC,tnhlex-dev,24274214912.000000
2020-02-13 09:00:00 +0000 UTC,2020-02-13 10:00:00 +0000 UTC,openshift-logging,18179364777984.000000
2020-02-13 09:00:00 +0000 UTC,2020-02-13 10:00:00 +0000 UTC,openshift-metering,2229534720.000000
2020-02-13 09:00:00 +0000 UTC,2020-02-13 10:00:00 +0000 UTC,tnhlex-dev,24289378304.000000
2020-02-13 10:00:00 +0000 UTC,2020-02-13 11:00:00 +0000 UTC,openshift-logging,18203216297984.000000
2020-02-13 10:00:00 +0000 UTC,2020-02-13 11:00:00 +0000 UTC,openshift-metering,2229534720.000000
2020-02-13 10:00:00 +0000 UTC,2020-02-13 11:00:00 +0000 UTC,tnhlex-dev,24304480256.000000
2020-02-13 11:00:00 +0000 UTC,2020-02-13 12:00:00 +0000 UTC,openshift-logging,18288050757632.000000
2020-02-13 11:00:00 +0000 UTC,2020-02-13 12:00:00 +0000 UTC,openshift-metering,2229534720.000000
2020-02-13 11:00:00 +0000 UTC,2020-02-13 12:00:00 +0000 UTC,tnhlex-dev,24319488000.000000
2020-02-13 12:00:00 +0000 UTC,2020-02-13 13:00:00 +0000 UTC,openshift-logging,18478474412032.000000
2020-02-13 12:00:00 +0000 UTC,2020-02-13 13:00:00 +0000 UTC,openshift-metering,2229534720.000000
2020-02-13 12:00:00 +0000 UTC,2020-02-13 13:00:00 +0000 UTC,tnhlex-dev,24334749696.000000
2020-02-13 13:00:00 +0000 UTC,2020-02-13 14:00:00 +0000 UTC,openshift-logging,18438545641472.000000
2020-02-13 13:00:00 +0000 UTC,2020-02-13 14:00:00 +0000 UTC,openshift-metering,1746153472.000000
2020-02-13 13:00:00 +0000 UTC,2020-02-13 14:00:00 +0000 UTC,tnhlex-dev,24349757440.000000
2020-02-13 14:00:00 +0000 UTC,2020-02-13 15:00:00 +0000 UTC,openshift-logging,18455650971648.000000
2020-02-13 14:00:00 +0000 UTC,2020-02-13 15:00:00 +0000 UTC,openshift-metering,1660846080.000000
2020-02-13 14:00:00 +0000 UTC,2020-02-13 15:00:00 +0000 UTC,tnhlex-dev,24364711936.000000
2020-02-13 15:00:00 +0000 UTC,2020-02-13 16:00:00 +0000 UTC,openshift-logging,18516170452992.000000
2020-02-13 15:00:00 +0000 UTC,2020-02-13 16:00:00 +0000 UTC,openshift-metering,1660846080.000000
2020-02-13 15:00:00 +0000 UTC,2020-02-13 16:00:00 +0000 UTC,tnhlex-dev,24379510784.000000
2020-02-13 16:00:00 +0000 UTC,2020-02-13 17:00:00 +0000 UTC,openshift-logging,18576715431936.000000
2020-02-13 16:00:00 +0000 UTC,2020-02-13 17:00:00 +0000 UTC,openshift-metering,1660846080.000000
2020-02-13 16:00:00 +0000 UTC,2020-02-13 17:00:00 +0000 UTC,tnhlex-dev,24394227712.000000
2020-02-13 17:00:00 +0000 UTC,2020-02-13 18:00:00 +0000 UTC,openshift-logging,18640073089024.000000
2020-02-13 17:00:00 +0000 UTC,2020-02-13 18:00:00 +0000 UTC,openshift-metering,1660846080.000000
2020-02-13 17:00:00 +0000 UTC,2020-02-13 18:00:00 +0000 UTC,tnhlex-dev,24408956928.000000
2020-02-13 18:00:00 +0000 UTC,2020-02-13 19:00:00 +0000 UTC,openshift-logging,18702235234304.000000
2020-02-13 18:00:00 +0000 UTC,2020-02-13 19:00:00 +0000 UTC,openshift-metering,1680846848.000000
2020-02-13 18:00:00 +0000 UTC,2020-02-13 19:00:00 +0000 UTC,tnhlex-dev,24423718912.000000
2020-02-13 19:00:00 +0000 UTC,2020-02-13 20:00:00 +0000 UTC,openshift-logging,18788002889728.000000
2020-02-13 19:00:00 +0000 UTC,2020-02-13 20:00:00 +0000 UTC,openshift-metering,1724006400.000000
2020-02-13 19:00:00 +0000 UTC,2020-02-13 20:00:00 +0000 UTC,tnhlex-dev,24438476800.000000
2020-02-13 20:00:00 +0000 UTC,2020-02-13 21:00:00 +0000 UTC,openshift-logging,18837522616320.000000
2020-02-13 20:00:00 +0000 UTC,2020-02-13 21:00:00 +0000 UTC,openshift-metering,1724006400.000000
2020-02-13 20:00:00 +0000 UTC,2020-02-13 21:00:00 +0000 UTC,tnhlex-dev,24453206016.000000
2020-02-13 21:00:00 +0000 UTC,2020-02-13 22:00:00 +0000 UTC,openshift-logging,18882653184000.000000
2020-02-13 21:00:00 +0000 UTC,2020-02-13 22:00:00 +0000 UTC,openshift-metering,1724006400.000000
2020-02-13 21:00:00 +0000 UTC,2020-02-13 22:00:00 +0000 UTC,tnhlex-dev,24467980288.000000
2020-02-13 22:00:00 +0000 UTC,2020-02-13 23:00:00 +0000 UTC,openshift-logging,18955916926976.000000
2020-02-13 22:00:00 +0000 UTC,2020-02-13 23:00:00 +0000 UTC,openshift-metering,1724006400.000000
2020-02-13 22:00:00 +0000 UTC,2020-02-13 23:00:00 +0000 UTC,tnhlex-dev,24482443264.000000
2020-02-13 23:00:00 +0000 UTC,2020-02-14 00:00:00 +0000 UTC,openshift-logging,18997139779584.000000
2020-02-13 23:00:00 +0000 UTC,2020-02-14 00:00:00 +0000 UTC,openshift-metering,1724006400.000000
2020-02-13 23:00:00 +0000 UTC,2020-02-14 00:00:00 +0000 UTC,tnhlex-dev,24497086464.000000
2020-02-14 00:00:00 +0000 UTC,2020-02-14 01:00:00 +0000 UTC,openshift-logging,19025311150080.000000
2020-02-14 00:00:00 +0000 UTC,2020-02-14 01:00:00 +0000 UTC,openshift-metering,1781501952.000000
2020-02-14 00:00:00 +0000 UTC,2020-02-14 01:00:00 +0000 UTC,tnhlex-dev,24511651840.000000
2020-02-14 01:00:00 +0000 UTC,2020-02-14 02:00:00 +0000 UTC,openshift-logging,19092478140416.000000
2020-02-14 01:00:00 +0000 UTC,2020-02-14 02:00:00 +0000 UTC,openshift-metering,1787904000.000000
2020-02-14 01:00:00 +0000 UTC,2020-02-14 02:00:00 +0000 UTC,tnhlex-dev,24526102528.000000
2020-02-14 02:00:00 +0000 UTC,2020-02-14 03:00:00 +0000 UTC,openshift-logging,19152424734720.000000
2020-02-14 02:00:00 +0000 UTC,2020-02-14 03:00:00 +0000 UTC,openshift-metering,1787904000.000000
2020-02-14 02:00:00 +0000 UTC,2020-02-14 03:00:00 +0000 UTC,tnhlex-dev,24540631040.000000
2020-02-14 03:00:00 +0000 UTC,2020-02-14 04:00:00 +0000 UTC,openshift-logging,19248300457984.000000
2020-02-14 03:00:00 +0000 UTC,2020-02-14 04:00:00 +0000 UTC,openshift-metering,1787904000.000000
2020-02-14 03:00:00 +0000 UTC,2020-02-14 04:00:00 +0000 UTC,tnhlex-dev,24555184128.000000
2020-02-14 04:00:00 +0000 UTC,2020-02-14 05:00:00 +0000 UTC,openshift-logging,19296801542144.000000
2020-02-14 04:00:00 +0000 UTC,2020-02-14 05:00:00 +0000 UTC,openshift-metering,1787904000.000000
2020-02-14 04:00:00 +0000 UTC,2020-02-14 05:00:00 +0000 UTC,tnhlex-dev,24569749504.000000
2020-02-14 05:00:00 +0000 UTC,2020-02-14 06:00:00 +0000 UTC,openshift-logging,19355332333568.000000
2020-02-14 05:00:00 +0000 UTC,2020-02-14 06:00:00 +0000 UTC,openshift-metering,1819484160.000000
2020-02-14 05:00:00 +0000 UTC,2020-02-14 06:00:00 +0000 UTC,tnhlex-dev,24584388608.000000
2020-02-14 06:00:00 +0000 UTC,2020-02-14 07:00:00 +0000 UTC,openshift-logging,19410812444672.000000
2020-02-14 06:00:00 +0000 UTC,2020-02-14 07:00:00 +0000 UTC,openshift-metering,1851064320.000000
2020-02-14 06:00:00 +0000 UTC,2020-02-14 07:00:00 +0000 UTC,tnhlex-dev,24598966272.000000
2020-02-14 07:00:00 +0000 UTC,2020-02-14 08:00:00 +0000 UTC,openshift-logging,19500243873792.000000
2020-02-14 07:00:00 +0000 UTC,2020-02-14 08:00:00 +0000 UTC,openshift-metering,1851064320.000000
2020-02-14 07:00:00 +0000 UTC,2020-02-14 08:00:00 +0000 UTC,tnhlex-dev,24613560320.000000
2020-02-14 08:00:00 +0000 UTC,2020-02-14 09:00:00 +0000 UTC,openshift-logging,19539164020736.000000
2020-02-14 08:00:00 +0000 UTC,2020-02-14 09:00:00 +0000 UTC,openshift-metering,1851064320.000000
2020-02-14 08:00:00 +0000 UTC,2020-02-14 09:00:00 +0000 UTC,tnhlex-dev,24628228096.000000
2020-02-14 09:00:00 +0000 UTC,2020-02-14 10:00:00 +0000 UTC,openshift-logging,19634659033088.000000
2020-02-14 09:00:00 +0000 UTC,2020-02-14 10:00:00 +0000 UTC,openshift-metering,1851064320.000000
2020-02-14 09:00:00 +0000 UTC,2020-02-14 10:00:00 +0000 UTC,tnhlex-dev,24642973696.000000
2020-02-14 10:00:00 +0000 UTC,2020-02-14 11:00:00 +0000 UTC,openshift-logging,19729225854976.000000
2020-02-14 10:00:00 +0000 UTC,2020-02-14 11:00:00 +0000 UTC,openshift-metering,1851064320.000000
2020-02-14 10:00:00 +0000 UTC,2020-02-14 11:00:00 +0000 UTC,tnhlex-dev,24657657856.000000
2020-02-14 11:00:00 +0000 UTC,2020-02-14 12:00:00 +0000 UTC,openshift-logging,19783557394432.000000
2020-02-14 11:00:00 +0000 UTC,2020-02-14 12:00:00 +0000 UTC,openshift-metering,1899487232.000000
2020-02-14 11:00:00 +0000 UTC,2020-02-14 12:00:00 +0000 UTC,tnhlex-dev,24672428032.000000
2020-02-14 12:00:00 +0000 UTC,2020-02-14 13:00:00 +0000 UTC,openshift-logging,19797796507648.000000
2020-02-14 12:00:00 +0000 UTC,2020-02-14 13:00:00 +0000 UTC,openshift-metering,1914224640.000000
2020-02-14 12:00:00 +0000 UTC,2020-02-14 13:00:00 +0000 UTC,tnhlex-dev,24687222784.000000
2020-02-14 13:00:00 +0000 UTC,2020-02-14 14:00:00 +0000 UTC,openshift-logging,19898112503808.000000
2020-02-14 13:00:00 +0000 UTC,2020-02-14 14:00:00 +0000 UTC,openshift-metering,1914224640.000000
2020-02-14 13:00:00 +0000 UTC,2020-02-14 14:00:00 +0000 UTC,tnhlex-dev,24701722624.000000
2020-02-14 14:00:00 +0000 UTC,2020-02-14 15:00:00 +0000 UTC,openshift-logging,19940168146944.000000
2020-02-14 14:00:00 +0000 UTC,2020-02-14 15:00:00 +0000 UTC,openshift-metering,1914224640.000000
2020-02-14 14:00:00 +0000 UTC,2020-02-14 15:00:00 +0000 UTC,tnhlex-dev,24716337152.000000
2020-02-14 15:00:00 +0000 UTC,2020-02-14 16:00:00 +0000 UTC,openshift-logging,20019288309760.000000
2020-02-14 15:00:00 +0000 UTC,2020-02-14 16:00:00 +0000 UTC,openshift-metering,1914224640.000000
2020-02-14 15:00:00 +0000 UTC,2020-02-14 16:00:00 +0000 UTC,tnhlex-dev,24731127808.000000
2020-02-14 16:00:00 +0000 UTC,2020-02-14 17:00:00 +0000 UTC,openshift-logging,20091516813312.000000
2020-02-14 16:00:00 +0000 UTC,2020-02-14 17:00:00 +0000 UTC,openshift-metering,1919488000.000000
2020-02-14 16:00:00 +0000 UTC,2020-02-14 17:00:00 +0000 UTC,tnhlex-dev,5410865152.000000
2020-02-14 17:00:00 +0000 UTC,2020-02-14 18:00:00 +0000 UTC,openshift-logging,20121507401728.000000
2020-02-14 17:00:00 +0000 UTC,2020-02-14 18:00:00 +0000 UTC,openshift-metering,1977384960.000000
2020-02-14 18:00:00 +0000 UTC,2020-02-14 19:00:00 +0000 UTC,openshift-logging,20161533472768.000000
2020-02-14 18:00:00 +0000 UTC,2020-02-14 19:00:00 +0000 UTC,openshift-metering,1977384960.000000
2020-02-14 18:00:00 +0000 UTC,2020-02-14 19:00:00 +0000 UTC,rc-test,16899756032.000000
2020-02-14 18:00:00 +0000 UTC,2020-02-14 19:00:00 +0000 UTC,tnhlex-dev,12716871680.000000
2020-02-14 19:00:00 +0000 UTC,2020-02-14 20:00:00 +0000 UTC,openshift-logging,20228058415104.000000
2020-02-14 19:00:00 +0000 UTC,2020-02-14 20:00:00 +0000 UTC,openshift-metering,1977384960.000000
2020-02-14 19:00:00 +0000 UTC,2020-02-14 20:00:00 +0000 UTC,rc-test,64266952704.000000
2020-02-14 19:00:00 +0000 UTC,2020-02-14 20:00:00 +0000 UTC,tnhlex-dev,20861476864.000000
2020-02-14 20:00:00 +0000 UTC,2020-02-14 21:00:00 +0000 UTC,openshift-logging,20298132070400.000000
2020-02-14 20:00:00 +0000 UTC,2020-02-14 21:00:00 +0000 UTC,openshift-metering,1977384960.000000
2020-02-14 20:00:00 +0000 UTC,2020-02-14 21:00:00 +0000 UTC,rc-test,64394805248.000000
2020-02-14 20:00:00 +0000 UTC,2020-02-14 21:00:00 +0000 UTC,tnhlex-dev,22938902528.000000
2020-02-14 21:00:00 +0000 UTC,2020-02-14 22:00:00 +0000 UTC,openshift-logging,20328163381248.000000
2020-02-14 21:00:00 +0000 UTC,2020-02-14 22:00:00 +0000 UTC,openshift-metering,1977384960.000000
2020-02-14 21:00:00 +0000 UTC,2020-02-14 22:00:00 +0000 UTC,rc-test,64478339072.000000
2020-02-14 21:00:00 +0000 UTC,2020-02-14 22:00:00 +0000 UTC,tnhlex-dev,22951104512.000000
2020-02-14 22:00:00 +0000 UTC,2020-02-14 23:00:00 +0000 UTC,openshift-logging,20414009282560.000000
2020-02-14 22:00:00 +0000 UTC,2020-02-14 23:00:00 +0000 UTC,openshift-metering,1999491072.000000
2020-02-14 22:00:00 +0000 UTC,2020-02-14 23:00:00 +0000 UTC,rc-test,64559153152.000000
2020-02-14 22:00:00 +0000 UTC,2020-02-14 23:00:00 +0000 UTC,tnhlex-dev,22963355648.000000
2020-02-14 23:00:00 +0000 UTC,2020-02-15 00:00:00 +0000 UTC,openshift-logging,20469312192512.000000
2020-02-14 23:00:00 +0000 UTC,2020-02-15 00:00:00 +0000 UTC,openshift-metering,2040545280.000000
2020-02-14 23:00:00 +0000 UTC,2020-02-15 00:00:00 +0000 UTC,rc-test,64639197184.000000
2020-02-14 23:00:00 +0000 UTC,2020-02-15 00:00:00 +0000 UTC,tnhlex-dev,22975655936.000000
2020-02-15 00:00:00 +0000 UTC,2020-02-15 01:00:00 +0000 UTC,openshift-logging,20490597244928.000000
2020-02-15 00:00:00 +0000 UTC,2020-02-15 01:00:00 +0000 UTC,openshift-metering,2042462208.000000
2020-02-15 00:00:00 +0000 UTC,2020-02-15 01:00:00 +0000 UTC,rc-test,64720437248.000000
2020-02-15 00:00:00 +0000 UTC,2020-02-15 01:00:00 +0000 UTC,tnhlex-dev,22987898880.000000
2020-02-15 01:00:00 +0000 UTC,2020-02-15 02:00:00 +0000 UTC,openshift-logging,20561590243328.000000
2020-02-15 01:00:00 +0000 UTC,2020-02-15 02:00:00 +0000 UTC,openshift-metering,2042757120.000000
2020-02-15 01:00:00 +0000 UTC,2020-02-15 02:00:00 +0000 UTC,rc-test,64801533952.000000
2020-02-15 01:00:00 +0000 UTC,2020-02-15 02:00:00 +0000 UTC,tnhlex-dev,23000072192.000000
2020-02-15 02:00:00 +0000 UTC,2020-02-15 03:00:00 +0000 UTC,openshift-logging,20628376915968.000000
2020-02-15 02:00:00 +0000 UTC,2020-02-15 03:00:00 +0000 UTC,openshift-metering,2052980736.000000
2020-02-15 02:00:00 +0000 UTC,2020-02-15 03:00:00 +0000 UTC,rc-test,64882573312.000000
2020-02-15 02:00:00 +0000 UTC,2020-02-15 03:00:00 +0000 UTC,tnhlex-dev,23012331520.000000
2020-02-15 03:00:00 +0000 UTC,2020-02-15 04:00:00 +0000 UTC,openshift-logging,20707947646976.000000
2020-02-15 03:00:00 +0000 UTC,2020-02-15 04:00:00 +0000 UTC,openshift-metering,2107961344.000000
2020-02-15 03:00:00 +0000 UTC,2020-02-15 04:00:00 +0000 UTC,rc-test,64963534848.000000
2020-02-15 03:00:00 +0000 UTC,2020-02-15 04:00:00 +0000 UTC,tnhlex-dev,23024467968.000000
2020-02-15 04:00:00 +0000 UTC,2020-02-15 05:00:00 +0000 UTC,openshift-logging,20762575675392.000000
2020-02-15 04:00:00 +0000 UTC,2020-02-15 05:00:00 +0000 UTC,openshift-metering,2121646080.000000
2020-02-15 04:00:00 +0000 UTC,2020-02-15 05:00:00 +0000 UTC,rc-test,65045282816.000000
2020-02-15 04:00:00 +0000 UTC,2020-02-15 05:00:00 +0000 UTC,tnhlex-dev,23036588032.000000
2020-02-15 05:00:00 +0000 UTC,2020-02-15 06:00:00 +0000 UTC,openshift-logging,20827972026368.000000
2020-02-15 05:00:00 +0000 UTC,2020-02-15 06:00:00 +0000 UTC,openshift-metering,2121646080.000000
2020-02-15 05:00:00 +0000 UTC,2020-02-15 06:00:00 +0000 UTC,rc-test,65129414656.000000
2020-02-15 05:00:00 +0000 UTC,2020-02-15 06:00:00 +0000 UTC,tnhlex-dev,23048798208.000000
2020-02-15 06:00:00 +0000 UTC,2020-02-15 07:00:00 +0000 UTC,openshift-logging,20905769635840.000000
2020-02-15 06:00:00 +0000 UTC,2020-02-15 07:00:00 +0000 UTC,openshift-metering,2121646080.000000
2020-02-15 06:00:00 +0000 UTC,2020-02-15 07:00:00 +0000 UTC,rc-test,65211842560.000000
2020-02-15 06:00:00 +0000 UTC,2020-02-15 07:00:00 +0000 UTC,tnhlex-dev,23061037056.000000
2020-02-15 07:00:00 +0000 UTC,2020-02-15 08:00:00 +0000 UTC,openshift-logging,20955847565312.000000
2020-02-15 07:00:00 +0000 UTC,2020-02-15 08:00:00 +0000 UTC,openshift-metering,2121646080.000000
2020-02-15 07:00:00 +0000 UTC,2020-02-15 08:00:00 +0000 UTC,rc-test,65293156352.000000
2020-02-15 07:00:00 +0000 UTC,2020-02-15 08:00:00 +0000 UTC,tnhlex-dev,23073259520.000000
2020-02-15 08:00:00 +0000 UTC,2020-02-15 09:00:00 +0000 UTC,openshift-logging,21020668874752.000000
2020-02-15 08:00:00 +0000 UTC,2020-02-15 09:00:00 +0000 UTC,openshift-metering,2180595712.000000
2020-02-15 08:00:00 +0000 UTC,2020-02-15 09:00:00 +0000 UTC,rc-test,65373552640.000000
2020-02-15 08:00:00 +0000 UTC,2020-02-15 09:00:00 +0000 UTC,tnhlex-dev,23085432832.000000
2020-02-15 09:00:00 +0000 UTC,2020-02-15 10:00:00 +0000 UTC,openshift-logging,21112738283520.000000
2020-02-15 09:00:00 +0000 UTC,2020-02-15 10:00:00 +0000 UTC,openshift-metering,2184806400.000000
2020-02-15 09:00:00 +0000 UTC,2020-02-15 10:00:00 +0000 UTC,rc-test,65454764032.000000
2020-02-15 09:00:00 +0000 UTC,2020-02-15 10:00:00 +0000 UTC,tnhlex-dev,23097663488.000000
2020-02-15 10:00:00 +0000 UTC,2020-02-15 11:00:00 +0000 UTC,openshift-logging,21168648679424.000000
2020-02-15 10:00:00 +0000 UTC,2020-02-15 11:00:00 +0000 UTC,openshift-metering,2184806400.000000
2020-02-15 10:00:00 +0000 UTC,2020-02-15 11:00:00 +0000 UTC,rc-test,65534345216.000000
2020-02-15 10:00:00 +0000 UTC,2020-02-15 11:00:00 +0000 UTC,tnhlex-dev,23109931008.000000
2020-02-15 11:00:00 +0000 UTC,2020-02-15 12:00:00 +0000 UTC,openshift-logging,21303238217728.000000
2020-02-15 11:00:00 +0000 UTC,2020-02-15 12:00:00 +0000 UTC,openshift-metering,2184806400.000000
2020-02-15 11:00:00 +0000 UTC,2020-02-15 12:00:00 +0000 UTC,rc-test,65615568896.000000
2020-02-15 11:00:00 +0000 UTC,2020-02-15 12:00:00 +0000 UTC,tnhlex-dev,23122112512.000000
2020-02-15 12:00:00 +0000 UTC,2020-02-15 13:00:00 +0000 UTC,openshift-logging,21319676719104.000000
2020-02-15 12:00:00 +0000 UTC,2020-02-15 13:00:00 +0000 UTC,openshift-metering,2185867264.000000
2020-02-15 12:00:00 +0000 UTC,2020-02-15 13:00:00 +0000 UTC,rc-test,65695559680.000000
2020-02-15 12:00:00 +0000 UTC,2020-02-15 13:00:00 +0000 UTC,tnhlex-dev,23134289920.000000
2020-02-15 13:00:00 +0000 UTC,2020-02-15 14:00:00 +0000 UTC,openshift-logging,21420375293952.000000
2020-02-15 13:00:00 +0000 UTC,2020-02-15 14:00:00 +0000 UTC,openshift-metering,2248458240.000000
2020-02-15 13:00:00 +0000 UTC,2020-02-15 14:00:00 +0000 UTC,rc-test,65777917952.000000
2020-02-15 13:00:00 +0000 UTC,2020-02-15 14:00:00 +0000 UTC,tnhlex-dev,23146467328.000000
2020-02-15 14:00:00 +0000 UTC,2020-02-15 15:00:00 +0000 UTC,openshift-logging,21431470325760.000000
2020-02-15 14:00:00 +0000 UTC,2020-02-15 15:00:00 +0000 UTC,openshift-metering,2248458240.000000
2020-02-15 14:00:00 +0000 UTC,2020-02-15 15:00:00 +0000 UTC,rc-test,65857921024.000000
2020-02-15 14:00:00 +0000 UTC,2020-02-15 15:00:00 +0000 UTC,tnhlex-dev,23158599680.000000
2020-02-15 15:00:00 +0000 UTC,2020-02-15 16:00:00 +0000 UTC,openshift-logging,21457159966720.000000
2020-02-15 15:00:00 +0000 UTC,2020-02-15 16:00:00 +0000 UTC,openshift-metering,2248458240.000000
2020-02-15 15:00:00 +0000 UTC,2020-02-15 16:00:00 +0000 UTC,rc-test,65938505728.000000
2020-02-15 15:00:00 +0000 UTC,2020-02-15 16:00:00 +0000 UTC,tnhlex-dev,23170723840.000000
2020-02-15 16:00:00 +0000 UTC,2020-02-15 17:00:00 +0000 UTC,openshift-logging,21536434479104.000000
2020-02-15 16:00:00 +0000 UTC,2020-02-15 17:00:00 +0000 UTC,openshift-metering,2248458240.000000
2020-02-15 16:00:00 +0000 UTC,2020-02-15 17:00:00 +0000 UTC,rc-test,66023456768.000000
2020-02-15 16:00:00 +0000 UTC,2020-02-15 17:00:00 +0000 UTC,tnhlex-dev,23182868480.000000
2020-02-15 17:00:00 +0000 UTC,2020-02-15 18:00:00 +0000 UTC,openshift-logging,21581294063616.000000
2020-02-15 17:00:00 +0000 UTC,2020-02-15 18:00:00 +0000 UTC,openshift-metering,2028359680.000000
2020-02-15 17:00:00 +0000 UTC,2020-02-15 18:00:00 +0000 UTC,rc-test,66104958976.000000
2020-02-15 17:00:00 +0000 UTC,2020-02-15 18:00:00 +0000 UTC,tnhlex-dev,23195000832.000000
2020-02-15 18:00:00 +0000 UTC,2020-02-15 19:00:00 +0000 UTC,openshift-logging,21648691113984.000000
2020-02-15 18:00:00 +0000 UTC,2020-02-15 19:00:00 +0000 UTC,openshift-metering,1679769600.000000
2020-02-15 18:00:00 +0000 UTC,2020-02-15 19:00:00 +0000 UTC,rc-test,66188697600.000000
2020-02-15 18:00:00 +0000 UTC,2020-02-15 19:00:00 +0000 UTC,tnhlex-dev,23207075840.000000
2020-02-15 19:00:00 +0000 UTC,2020-02-15 20:00:00 +0000 UTC,openshift-logging,21707759017984.000000
2020-02-15 19:00:00 +0000 UTC,2020-02-15 20:00:00 +0000 UTC,openshift-metering,1679769600.000000
2020-02-15 19:00:00 +0000 UTC,2020-02-15 20:00:00 +0000 UTC,rc-test,66269896704.000000
2020-02-15 19:00:00 +0000 UTC,2020-02-15 20:00:00 +0000 UTC,tnhlex-dev,23219277824.000000
2020-02-15 20:00:00 +0000 UTC,2020-02-15 21:00:00 +0000 UTC,openshift-logging,21771091165184.000000
2020-02-15 20:00:00 +0000 UTC,2020-02-15 21:00:00 +0000 UTC,openshift-metering,1679769600.000000
2020-02-15 20:00:00 +0000 UTC,2020-02-15 21:00:00 +0000 UTC,rc-test,66350620672.000000
2020-02-15 20:00:00 +0000 UTC,2020-02-15 21:00:00 +0000 UTC,tnhlex-dev,23231475712.000000
2020-02-15 21:00:00 +0000 UTC,2020-02-15 22:00:00 +0000 UTC,openshift-logging,21828179849216.000000
2020-02-15 21:00:00 +0000 UTC,2020-02-15 22:00:00 +0000 UTC,openshift-metering,1679769600.000000
2020-02-15 21:00:00 +0000 UTC,2020-02-15 22:00:00 +0000 UTC,rc-test,66431197184.000000
2020-02-15 21:00:00 +0000 UTC,2020-02-15 22:00:00 +0000 UTC,tnhlex-dev,23243636736.000000
